{
  "id": "set_20260108_183432_585",
  "name": "Symmetry Test 6",
  "created_at": "2026-01-08T18:34:32.218720",
  "level_count": 50,
  "difficulty_profile": [
    0.45,
    0.4625,
    0.47500000000000003,
    0.4875,
    0.5,
    0.5125,
    0.525,
    0.5375,
    0.55,
    0.5625,
    0.575,
    0.5875,
    0.6,
    0.6125,
    0.625,
    0.6375,
    0.65,
    0.6625,
    0.675,
    0.6875,
    0.7,
    0.7125,
    0.725,
    0.7375,
    0.75,
    0.758,
    0.766,
    0.774,
    0.782,
    0.79,
    0.798,
    0.806,
    0.814,
    0.822,
    0.83,
    0.838,
    0.846,
    0.854,
    0.862,
    0.87,
    0.878,
    0.886,
    0.8939999999999999,
    0.9019999999999999,
    0.9099999999999999,
    0.9179999999999999,
    0.9259999999999999,
    0.9339999999999999,
    0.942,
    0.95
  ],
  "actual_difficulties": [
    0.4400833333333333,
    0.43825,
    0.43449999999999994,
    0.5463333333333333,
    0.4285,
    0.42725,
    0.42091666666666666,
    0.4200833333333333,
    0.41324999999999995,
    0.4118333333333333,
    0.4095,
    0.4084166666666667,
    0.40508333333333335,
    0.61275,
    0.6239166666666667,
    0.6357499999999999,
    0.6493333333333333,
    0.6626666666666666,
    0.6884166666666667,
    0.6602499999999999,
    0.6519166666666666,
    0.6450833333333335,
    0.645,
    0.6427499999999999,
    0.6401666666666667,
    0.6309166666666667,
    0.62975,
    0.62825,
    0.6194166666666666,
    0.61675,
    0.6135,
    0.8031666666666666,
    0.8129166666666667,
    0.8231666666666666,
    0.8285833333333333,
    0.8399166666666666,
    0.847,
    0.85625,
    0.8605833333333334,
    0.8683333333333333,
    0.8766666666666667,
    0.8950833333333332,
    0.8738333333333332,
    0.85,
    0.8491666666666667,
    0.8489999999999999,
    0.8425,
    0.8360000000000001,
    0.8202499999999999,
    0.8014166666666667
  ],
  "grades": [
    "B",
    "B",
    "B",
    "B",
    "B",
    "B",
    "B",
    "B",
    "B",
    "B",
    "B",
    "B",
    "B",
    "C",
    "C",
    "C",
    "C",
    "C",
    "C",
    "C",
    "C",
    "C",
    "C",
    "C",
    "C",
    "C",
    "C",
    "C",
    "C",
    "C",
    "C",
    "D",
    "D",
    "D",
    "D",
    "D",
    "D",
    "D",
    "D",
    "D",
    "D",
    "D",
    "D",
    "D",
    "D",
    "D",
    "D",
    "D",
    "D",
    "D"
  ],
  "generation_config": {
    "grid_size": [
      7,
      7
    ],
    "min_layers": 3,
    "max_layers": 7,
    "tile_types": [
      "t0",
      "t2",
      "t4",
      "t5",
      "t6"
    ],
    "obstacle_types": [],
    "goals": [
      {
        "type": "craft",
        "direction": "s",
        "count": 3
      }
    ],
    "symmetry_mode": "both",
    "pattern_type": "aesthetic"
  }
}