{
  "id": "set_20260108_172409_548",
  "name": "LayerTest500 6",
  "created_at": "2026-01-08T17:24:09.635327",
  "level_count": 50,
  "difficulty_profile": [
    0.45,
    0.4625,
    0.47500000000000003,
    0.4875,
    0.5,
    0.5125,
    0.525,
    0.5375,
    0.55,
    0.5625,
    0.575,
    0.5875,
    0.6,
    0.6125,
    0.625,
    0.6375,
    0.65,
    0.6625,
    0.675,
    0.6875,
    0.7,
    0.7125,
    0.725,
    0.7375,
    0.75,
    0.758,
    0.766,
    0.774,
    0.782,
    0.79,
    0.798,
    0.806,
    0.814,
    0.822,
    0.83,
    0.838,
    0.846,
    0.854,
    0.862,
    0.87,
    0.878,
    0.886,
    0.8939999999999999,
    0.9019999999999999,
    0.9099999999999999,
    0.9179999999999999,
    0.9259999999999999,
    0.9339999999999999,
    0.942,
    0.95
  ],
  "actual_difficulties": [
    0.4373333333333333,
    0.46824999999999994,
    0.47958333333333336,
    0.5380833333333334,
    0.545,
    0.55275,
    0.5545,
    0.55575,
    0.4261666666666667,
    0.42125,
    0.41833333333333333,
    0.41350000000000003,
    0.4068333333333333,
    0.6180833333333333,
    0.6265,
    0.63525,
    0.6483333333333333,
    0.6623333333333333,
    0.6775833333333334,
    0.7016666666666667,
    0.6655,
    0.6635833333333333,
    0.6589999999999999,
    0.6580833333333334,
    0.65675,
    0.6530833333333333,
    0.6516666666666667,
    0.648,
    0.6455833333333334,
    0.6418333333333334,
    0.6351666666666668,
    0.8046666666666666,
    0.814,
    0.8210833333333334,
    0.8303333333333334,
    0.8380833333333334,
    0.8456666666666667,
    0.8529166666666668,
    0.8613333333333333,
    0.8627499999999999,
    0.8811666666666668,
    0.8574166666666667,
    0.8482500000000001,
    0.8438333333333334,
    0.84325,
    0.8427499999999999,
    0.8339166666666666,
    0.83225,
    0.83075,
    0.8258333333333333
  ],
  "grades": [
    "B",
    "B",
    "B",
    "B",
    "B",
    "B",
    "B",
    "B",
    "B",
    "B",
    "B",
    "B",
    "B",
    "C",
    "C",
    "C",
    "C",
    "C",
    "C",
    "C",
    "C",
    "C",
    "C",
    "C",
    "C",
    "C",
    "C",
    "C",
    "C",
    "C",
    "C",
    "D",
    "D",
    "D",
    "D",
    "D",
    "D",
    "D",
    "D",
    "D",
    "D",
    "D",
    "D",
    "D",
    "D",
    "D",
    "D",
    "D",
    "D",
    "D"
  ],
  "generation_config": {
    "grid_size": [
      7,
      7
    ],
    "min_layers": 3,
    "max_layers": 7,
    "tile_types": [
      "t0",
      "t2",
      "t4",
      "t5",
      "t6"
    ],
    "obstacle_types": [],
    "goals": [
      {
        "type": "craft",
        "direction": "s",
        "count": 3
      }
    ],
    "symmetry_mode": "both",
    "pattern_type": "aesthetic"
  }
}