{
  "id": "set_20260108_181805_311",
  "name": "SymmetryTest 6",
  "created_at": "2026-01-08T18:18:05.531268",
  "level_count": 50,
  "difficulty_profile": [
    0.45,
    0.4625,
    0.47500000000000003,
    0.4875,
    0.5,
    0.5125,
    0.525,
    0.5375,
    0.55,
    0.5625,
    0.575,
    0.5875,
    0.6,
    0.6125,
    0.625,
    0.6375,
    0.65,
    0.6625,
    0.675,
    0.6875,
    0.7,
    0.7125,
    0.725,
    0.7375,
    0.75,
    0.758,
    0.766,
    0.774,
    0.782,
    0.79,
    0.798,
    0.806,
    0.814,
    0.822,
    0.83,
    0.838,
    0.846,
    0.854,
    0.862,
    0.87,
    0.878,
    0.886,
    0.8939999999999999,
    0.9019999999999999,
    0.9099999999999999,
    0.9179999999999999,
    0.9259999999999999,
    0.9339999999999999,
    0.942,
    0.95
  ],
  "actual_difficulties": [
    0.451,
    0.4643333333333334,
    0.45666666666666667,
    0.5044166666666666,
    0.45525,
    0.5658333333333334,
    0.44566666666666666,
    0.44375,
    0.4236666666666667,
    0.41641666666666666,
    0.41241666666666665,
    0.41041666666666665,
    0.4059166666666667,
    0.6174166666666667,
    0.62475,
    0.6405,
    0.6453333333333333,
    0.6618333333333334,
    0.6855,
    0.6614999999999999,
    0.6595,
    0.6588333333333334,
    0.65875,
    0.64475,
    0.6445000000000001,
    0.6324166666666666,
    0.6316666666666666,
    0.62675,
    0.6255833333333334,
    0.6224166666666666,
    0.6176666666666667,
    0.80825,
    0.8129166666666667,
    0.8221666666666667,
    0.8349166666666666,
    0.8395833333333332,
    0.8481666666666666,
    0.8556666666666666,
    0.8629166666666667,
    0.8634166666666665,
    0.86,
    0.8564999999999999,
    0.8516666666666667,
    0.8505833333333334,
    0.8226666666666667,
    0.8186666666666667,
    0.8178333333333333,
    0.8166666666666668,
    0.8161666666666666,
    0.801
  ],
  "grades": [
    "B",
    "B",
    "B",
    "B",
    "B",
    "B",
    "B",
    "B",
    "B",
    "B",
    "B",
    "B",
    "B",
    "C",
    "C",
    "C",
    "C",
    "C",
    "C",
    "C",
    "C",
    "C",
    "C",
    "C",
    "C",
    "C",
    "C",
    "C",
    "C",
    "C",
    "C",
    "D",
    "D",
    "D",
    "D",
    "D",
    "D",
    "D",
    "D",
    "D",
    "D",
    "D",
    "D",
    "D",
    "D",
    "D",
    "D",
    "D",
    "D",
    "D"
  ],
  "generation_config": {
    "grid_size": [
      7,
      7
    ],
    "min_layers": 3,
    "max_layers": 7,
    "tile_types": [
      "t0",
      "t2",
      "t4",
      "t5",
      "t6"
    ],
    "obstacle_types": [],
    "goals": [
      {
        "type": "craft",
        "direction": "s",
        "count": 3
      }
    ],
    "symmetry_mode": "both",
    "pattern_type": "aesthetic"
  }
}