{
  "id": "set_20260108_175236_920",
  "name": "DifficultyTest 10",
  "created_at": "2026-01-08T17:52:36.667182",
  "level_count": 50,
  "difficulty_profile": [
    0.65,
    0.6625,
    0.675,
    0.6875,
    0.7,
    0.7125,
    0.725,
    0.7375,
    0.75,
    0.7625,
    0.775,
    0.7875,
    0.8,
    0.8125,
    0.825,
    0.8374999999999999,
    0.85,
    0.8625,
    0.875,
    0.8875,
    0.8999999999999999,
    0.9125,
    0.9249999999999999,
    0.9375,
    0.95,
    0.95,
    0.95,
    0.95,
    0.95,
    0.95,
    0.95,
    0.95,
    0.95,
    0.95,
    0.95,
    0.95,
    0.95,
    0.95,
    0.95,
    0.95,
    0.95,
    0.95,
    0.95,
    0.95,
    0.95,
    0.95,
    0.95,
    0.95,
    0.95,
    0.95
  ],
  "actual_difficulties": [
    0.6549166666666666,
    0.6625,
    0.6703333333333333,
    0.6688333333333334,
    0.6629999999999999,
    0.6620833333333332,
    0.6428333333333334,
    0.6410000000000001,
    0.6402499999999999,
    0.6365,
    0.6343333333333334,
    0.632,
    0.6184166666666667,
    0.815,
    0.8259166666666666,
    0.8373333333333334,
    0.8510000000000001,
    0.8638333333333332,
    0.8739166666666667,
    0.8845833333333333,
    0.8979166666666667,
    0.9045833333333333,
    0.9248333333333334,
    0.8968333333333334,
    0.89625,
    0.8825,
    0.8789166666666667,
    0.8693333333333334,
    0.8681666666666666,
    0.86075,
    0.8604166666666667,
    0.8585,
    0.8544166666666666,
    0.8439166666666666,
    0.8435833333333334,
    0.8424166666666666,
    0.84225,
    0.8381666666666666,
    0.8371666666666667,
    0.8364999999999999,
    0.8351666666666666,
    0.835,
    0.8331666666666666,
    0.8327499999999999,
    0.8295833333333333,
    0.8220000000000001,
    0.8151666666666667,
    0.80625,
    0.8061666666666666,
    0.8001666666666667
  ],
  "grades": [
    "C",
    "C",
    "C",
    "C",
    "C",
    "C",
    "C",
    "C",
    "C",
    "C",
    "C",
    "C",
    "C",
    "D",
    "D",
    "D",
    "D",
    "D",
    "D",
    "D",
    "D",
    "D",
    "D",
    "D",
    "D",
    "D",
    "D",
    "D",
    "D",
    "D",
    "D",
    "D",
    "D",
    "D",
    "D",
    "D",
    "D",
    "D",
    "D",
    "D",
    "D",
    "D",
    "D",
    "D",
    "D",
    "D",
    "D",
    "D",
    "D",
    "D"
  ],
  "generation_config": {
    "grid_size": [
      7,
      7
    ],
    "min_layers": 3,
    "max_layers": 7,
    "tile_types": [
      "t0",
      "t2",
      "t4",
      "t5",
      "t6"
    ],
    "obstacle_types": [],
    "goals": [
      {
        "type": "craft",
        "direction": "s",
        "count": 3
      }
    ],
    "symmetry_mode": "both",
    "pattern_type": "aesthetic"
  }
}