{
  "timestamp": "2026-02-05T10:55:09.051525",
  "version": "1.0.0",
  "iterations_per_bot": 50,
  "total_time_seconds": 6.371281416999864,
  "avg_time_per_level_ms": 318.5183125000094,
  "avg_time_per_simulation_ms": 1.592591562500047,
  "slowest_level": "medium_05 (716.8ms)",
  "fastest_level": "easy_04 (90.3ms)",
  "results": [
    {
      "level_id": "easy_01",
      "level_name": "기본 3종류",
      "tier": "easy",
      "tile_count": 9,
      "layer_count": 1,
      "total_time_ms": 102.04741600000489,
      "avg_time_per_iteration_ms": 0.5102370800000244,
      "iterations": 200,
      "bot_times_ms": {
        "casual": 18.05908400001499,
        "average": 26.00070800008325,
        "expert": 26.614207999955397,
        "optimal": 31.36145899998155
      },
      "bot_clear_rates": {
        "casual": 1.0,
        "average": 1.0,
        "expert": 1.0,
        "optimal": 1.0
      },
      "memory_mb": null
    },
    {
      "level_id": "easy_02",
      "level_name": "4종류 타일",
      "tier": "easy",
      "tile_count": 12,
      "layer_count": 1,
      "total_time_ms": 173.0924580001556,
      "avg_time_per_iteration_ms": 0.865462290000778,
      "iterations": 200,
      "bot_times_ms": {
        "casual": 29.904584000178147,
        "average": 45.02087500031848,
        "expert": 45.425541999975394,
        "optimal": 52.729041000020516
      },
      "bot_clear_rates": {
        "casual": 1.0,
        "average": 1.0,
        "expert": 1.0,
        "optimal": 1.0
      },
      "memory_mb": null
    },
    {
      "level_id": "easy_03",
      "level_name": "5종류 타일",
      "tier": "easy",
      "tile_count": 15,
      "layer_count": 1,
      "total_time_ms": 272.6870000001327,
      "avg_time_per_iteration_ms": 1.3634350000006634,
      "iterations": 200,
      "bot_times_ms": {
        "casual": 45.225291999940964,
        "average": 73.30941700001858,
        "expert": 72.30016599987721,
        "optimal": 81.84429199991428
      },
      "bot_clear_rates": {
        "casual": 1.0,
        "average": 1.0,
        "expert": 1.0,
        "optimal": 1.0
      },
      "memory_mb": null
    },
    {
      "level_id": "easy_04",
      "level_name": "2레이어 블로킹 기본",
      "tier": "easy",
      "tile_count": 9,
      "layer_count": 2,
      "total_time_ms": 90.34616600001755,
      "avg_time_per_iteration_ms": 0.45173083000008774,
      "iterations": 200,
      "bot_times_ms": {
        "casual": 16.405625000061264,
        "average": 23.122624999814434,
        "expert": 23.05020899984811,
        "optimal": 27.76083299977472
      },
      "bot_clear_rates": {
        "casual": 1.0,
        "average": 1.0,
        "expert": 1.0,
        "optimal": 1.0
      },
      "memory_mb": null
    },
    {
      "level_id": "easy_05",
      "level_name": "2레이어 + 4종류",
      "tier": "easy",
      "tile_count": 12,
      "layer_count": 2,
      "total_time_ms": 150.7101249999323,
      "avg_time_per_iteration_ms": 0.7535506249996615,
      "iterations": 200,
      "bot_times_ms": {
        "casual": 25.80587500006004,
        "average": 39.01033299962364,
        "expert": 39.662125000177184,
        "optimal": 46.226083999954426
      },
      "bot_clear_rates": {
        "casual": 1.0,
        "average": 1.0,
        "expert": 1.0,
        "optimal": 1.0
      },
      "memory_mb": null
    },
    {
      "level_id": "easy_06",
      "level_name": "2레이어 복잡",
      "tier": "easy",
      "tile_count": 12,
      "layer_count": 2,
      "total_time_ms": 141.93687499982843,
      "avg_time_per_iteration_ms": 0.7096843749991422,
      "iterations": 200,
      "bot_times_ms": {
        "casual": 25.28816700032621,
        "average": 36.86470799993913,
        "expert": 37.63720799997827,
        "optimal": 42.140542000197456
      },
      "bot_clear_rates": {
        "casual": 1.0,
        "average": 1.0,
        "expert": 1.0,
        "optimal": 1.0
      },
      "memory_mb": null
    },
    {
      "level_id": "easy_07",
      "level_name": "5종류 다양성",
      "tier": "easy",
      "tile_count": 15,
      "layer_count": 1,
      "total_time_ms": 272.4812500000553,
      "avg_time_per_iteration_ms": 1.3624062500002765,
      "iterations": 200,
      "bot_times_ms": {
        "casual": 45.55783300020266,
        "average": 71.59712499969828,
        "expert": 72.1579579999343,
        "optimal": 83.16112500006057
      },
      "bot_clear_rates": {
        "casual": 1.0,
        "average": 1.0,
        "expert": 1.0,
        "optimal": 1.0
      },
      "memory_mb": null
    },
    {
      "level_id": "easy_08",
      "level_name": "2레이어 + 5종류",
      "tier": "easy",
      "tile_count": 15,
      "layer_count": 2,
      "total_time_ms": 251.01791699989917,
      "avg_time_per_iteration_ms": 1.2550895849994959,
      "iterations": 200,
      "bot_times_ms": {
        "casual": 41.39316700002382,
        "average": 64.83770799968624,
        "expert": 66.89379099998405,
        "optimal": 77.88491700011946
      },
      "bot_clear_rates": {
        "casual": 1.0,
        "average": 1.0,
        "expert": 1.0,
        "optimal": 1.0
      },
      "memory_mb": null
    },
    {
      "level_id": "easy_09",
      "level_name": "2레이어 복잡 블로킹",
      "tier": "easy",
      "tile_count": 12,
      "layer_count": 2,
      "total_time_ms": 153.11454199991203,
      "avg_time_per_iteration_ms": 0.7655727099995602,
      "iterations": 200,
      "bot_times_ms": {
        "casual": 26.05325000013181,
        "average": 39.262833000066166,
        "expert": 40.41308300020319,
        "optimal": 47.377625000081025
      },
      "bot_clear_rates": {
        "casual": 1.0,
        "average": 1.0,
        "expert": 1.0,
        "optimal": 1.0
      },
      "memory_mb": null
    },
    {
      "level_id": "easy_10",
      "level_name": "EASY 최종 챌린지",
      "tier": "easy",
      "tile_count": 15,
      "layer_count": 2,
      "total_time_ms": 227.73370799995973,
      "avg_time_per_iteration_ms": 1.1386685399997987,
      "iterations": 200,
      "bot_times_ms": {
        "casual": 38.60458300005121,
        "average": 60.156959000323695,
        "expert": 60.26324999993449,
        "optimal": 68.70100000014645
      },
      "bot_clear_rates": {
        "casual": 0.98,
        "average": 1.0,
        "expert": 1.0,
        "optimal": 1.0
      },
      "memory_mb": null
    },
    {
      "level_id": "medium_01",
      "level_name": "ICE + 2레이어",
      "tier": "medium",
      "tile_count": 18,
      "layer_count": 2,
      "total_time_ms": 396.0415420001482,
      "avg_time_per_iteration_ms": 1.980207710000741,
      "iterations": 200,
      "bot_times_ms": {
        "casual": 59.83829200022228,
        "average": 105.36258299998735,
        "expert": 107.0025409999289,
        "optimal": 123.83095799987132
      },
      "bot_clear_rates": {
        "casual": 0.74,
        "average": 1.0,
        "expert": 1.0,
        "optimal": 1.0
      },
      "memory_mb": null
    },
    {
      "level_id": "medium_02",
      "level_name": "GRASS + 3레이어",
      "tier": "medium",
      "tile_count": 21,
      "layer_count": 3,
      "total_time_ms": 519.2257089997838,
      "avg_time_per_iteration_ms": 2.596128544998919,
      "iterations": 200,
      "bot_times_ms": {
        "casual": 78.77854200023648,
        "average": 141.3971249999122,
        "expert": 141.98116699981256,
        "optimal": 157.05762499965203
      },
      "bot_clear_rates": {
        "casual": 0.98,
        "average": 1.0,
        "expert": 1.0,
        "optimal": 1.0
      },
      "memory_mb": null
    },
    {
      "level_id": "medium_03",
      "level_name": "LINK + 3레이어",
      "tier": "medium",
      "tile_count": 18,
      "layer_count": 3,
      "total_time_ms": 344.1064170001482,
      "avg_time_per_iteration_ms": 1.720532085000741,
      "iterations": 200,
      "bot_times_ms": {
        "casual": 56.48812499975975,
        "average": 92.2013340000376,
        "expert": 91.58995799998593,