{
  "id": "set_20260108_172410_595",
  "name": "LayerTest500 10",
  "created_at": "2026-01-08T17:24:10.686902",
  "level_count": 50,
  "difficulty_profile": [
    0.65,
    0.6625,
    0.675,
    0.6875,
    0.7,
    0.7125,
    0.725,
    0.7375,
    0.75,
    0.7625,
    0.775,
    0.7875,
    0.8,
    0.8125,
    0.825,
    0.8374999999999999,
    0.85,
    0.8625,
    0.875,
    0.8875,
    0.8999999999999999,
    0.9125,
    0.9249999999999999,
    0.9375,
    0.95,
    0.95,
    0.95,
    0.95,
    0.95,
    0.95,
    0.95,
    0.95,
    0.95,
    0.95,
    0.95,
    0.95,
    0.95,
    0.95,
    0.95,
    0.95,
    0.95,
    0.95,
    0.95,
    0.95,
    0.95,
    0.95,
    0.95,
    0.95,
    0.95,
    0.95
  ],
  "actual_difficulties": [
    0.6498333333333334,
    0.6660833333333334,
    0.6694166666666667,
    0.6574166666666666,
    0.7401666666666666,
    0.653,
    0.6480833333333333,
    0.64575,
    0.6436666666666666,
    0.6430833333333333,
    0.64125,
    0.6354166666666666,
    0.6149166666666667,
    0.8100833333333334,
    0.8263333333333334,
    0.8373333333333334,
    0.8506666666666667,
    0.8611666666666667,
    0.8725833333333333,
    0.8929166666666667,
    0.8605833333333334,
    0.85925,
    0.8566666666666667,
    0.8526666666666667,
    0.8516666666666667,
    0.8510833333333333,
    0.8469166666666667,
    0.84675,
    0.8427499999999999,
    0.8425833333333334,
    0.8415833333333333,
    0.8385833333333333,
    0.8379166666666668,
    0.83625,
    0.8360000000000001,
    0.8359166666666666,
    0.8352499999999999,
    0.8351666666666666,
    0.8331666666666666,
    0.8308333333333333,
    0.8288333333333334,
    0.8264999999999999,
    0.8219166666666666,
    0.8211666666666666,
    0.8204166666666667,
    0.81875,
    0.8164166666666667,
    0.8156666666666667,
    0.8098333333333333,
    0.8018333333333334
  ],
  "grades": [
    "C",
    "C",
    "C",
    "C",
    "C",
    "C",
    "C",
    "C",
    "C",
    "C",
    "C",
    "C",
    "C",
    "D",
    "D",
    "D",
    "D",
    "D",
    "D",
    "D",
    "D",
    "D",
    "D",
    "D",
    "D",
    "D",
    "D",
    "D",
    "D",
    "D",
    "D",
    "D",
    "D",
    "D",
    "D",
    "D",
    "D",
    "D",
    "D",
    "D",
    "D",
    "D",
    "D",
    "D",
    "D",
    "D",
    "D",
    "D",
    "D",
    "D"
  ],
  "generation_config": {
    "grid_size": [
      7,
      7
    ],
    "min_layers": 3,
    "max_layers": 7,
    "tile_types": [
      "t0",
      "t2",
      "t4",
      "t5",
      "t6"
    ],
    "obstacle_types": [],
    "goals": [
      {
        "type": "craft",
        "direction": "s",
        "count": 3
      }
    ],
    "symmetry_mode": "both",
    "pattern_type": "aesthetic"
  }
}