{
  "id": "set_20260108_183418_440",
  "name": "Symmetry Test 1",
  "created_at": "2026-01-08T18:34:18.176456",
  "level_count": 50,
  "difficulty_profile": [
    0.2,
    0.21250000000000002,
    0.225,
    0.23750000000000002,
    0.25,
    0.2625,
    0.275,
    0.28750000000000003,
    0.3,
    0.3125,
    0.325,
    0.3375,
    0.35,
    0.3625,
    0.375,
    0.3875,
    0.4,
    0.4125,
    0.425,
    0.4375,
    0.45,
    0.4625,
    0.475,
    0.4875,
    0.5,
    0.512,
    0.524,
    0.536,
    0.548,
    0.56,
    0.5720000000000001,
    0.5840000000000001,
    0.596,
    0.608,
    0.62,
    0.632,
    0.644,
    0.656,
    0.668,
    0.68,
    0.6920000000000001,
    0.7040000000000001,
    0.716,
    0.728,
    0.74,
    0.752,
    0.764,
    0.776,
    0.788,
    0.8
  ],
  "actual_difficulties": [
    0.19875,
    0.21233333333333335,
    0.22383333333333336,
    0.23258333333333336,
    0.24558333333333335,
    0.26408333333333334,
    0.2748333333333333,
    0.2738333333333334,
    0.3089166666666667,
    0.32766666666666666,
    0.33466666666666667,
    0.3384166666666667,
    0.35041666666666665,
    0.36391666666666667,
    0.3769166666666667,
    0.38516666666666666,
    0.39791666666666664,
    0.41291666666666665,
    0.40791666666666665,
    0.39516666666666667,
    0.3819166666666667,
    0.36541666666666667,
    0.36016666666666663,
    0.35541666666666666,
    0.3516666666666666,
    0.27358333333333335,
    0.27133333333333337,
    0.27108333333333334,
    0.26908333333333334,
    0.2603333333333333,
    0.24333333333333332,
    0.23233333333333334,
    0.22858333333333333,
    0.21583333333333332,
    0.20325,
    0.20025,
    0.20025,
    0.20025,
    0.19,
    0.18775000000000003,
    0.187,
    0.18075,
    0.18075,
    0.18025000000000002,
    0.17825,
    0.17175,
    0.16974999999999998,
    0.16824999999999998,
    0.15175,
    0.07916666666666666
  ],
  "grades": [
    "S",
    "A",
    "A",
    "A",
    "A",
    "A",
    "A",
    "A",
    "A",
    "A",
    "A",
    "A",
    "A",
    "A",
    "A",
    "A",
    "A",
    "B",
    "B",
    "A",
    "A",
    "A",
    "A",
    "A",
    "A",
    "A",
    "A",
    "A",
    "A",
    "A",
    "A",
    "A",
    "A",
    "A",
    "A",
    "A",
    "A",
    "A",
    "S",
    "S",
    "S",
    "S",
    "S",
    "S",
    "S",
    "S",
    "S",
    "S",
    "S",
    "S"
  ],
  "generation_config": {
    "grid_size": [
      7,
      7
    ],
    "min_layers": 3,
    "max_layers": 7,
    "tile_types": [
      "t0",
      "t2",
      "t4",
      "t5",
      "t6"
    ],
    "obstacle_types": [],
    "goals": [
      {
        "type": "craft",
        "direction": "s",
        "count": 3
      }
    ],
    "symmetry_mode": "both",
    "pattern_type": "aesthetic"
  }
}