{
  "id": "set_20260108_181806_887",
  "name": "SymmetryTest 10",
  "created_at": "2026-01-08T18:18:06.529590",
  "level_count": 50,
  "difficulty_profile": [
    0.65,
    0.6625,
    0.675,
    0.6875,
    0.7,
    0.7125,
    0.725,
    0.7375,
    0.75,
    0.7625,
    0.775,
    0.7875,
    0.8,
    0.8125,
    0.825,
    0.8374999999999999,
    0.85,
    0.8625,
    0.875,
    0.8875,
    0.8999999999999999,
    0.9125,
    0.9249999999999999,
    0.9375,
    0.95,
    0.95,
    0.95,
    0.95,
    0.95,
    0.95,
    0.95,
    0.95,
    0.95,
    0.95,
    0.95,
    0.95,
    0.95,
    0.95,
    0.95,
    0.95,
    0.95,
    0.95,
    0.95,
    0.95,
    0.95,
    0.95,
    0.95,
    0.95,
    0.95,
    0.95
  ],
  "actual_difficulties": [
    0.6484166666666666,
    0.66,
    0.6579166666666667,
    0.7060833333333334,
    0.7131666666666666,
    0.6559166666666667,
    0.6535000000000001,
    0.6465833333333333,
    0.6439166666666667,
    0.6430833333333333,
    0.6329166666666667,
    0.623,
    0.6194166666666666,
    0.8083333333333332,
    0.8264999999999999,
    0.8375,
    0.8528333333333333,
    0.8616666666666667,
    0.8785833333333334,
    0.8800833333333332,
    0.9080833333333334,
    0.9164166666666667,
    0.86075,
    0.8560000000000001,
    0.85575,
    0.8553333333333335,
    0.8541666666666667,
    0.8535,
    0.8530833333333334,
    0.847,
    0.8424166666666666,
    0.8408333333333333,
    0.8399166666666666,
    0.8370000000000001,
    0.8368333333333333,
    0.8356666666666667,
    0.8355,
    0.8353333333333333,
    0.8347500000000001,
    0.8330833333333334,
    0.8327499999999999,
    0.8220000000000001,
    0.8214999999999999,
    0.8210000000000001,
    0.8200833333333334,
    0.81825,
    0.8170000000000001,
    0.8031666666666666,
    0.8018333333333334,
    0.8005
  ],
  "grades": [
    "C",
    "C",
    "C",
    "C",
    "C",
    "C",
    "C",
    "C",
    "C",
    "C",
    "C",
    "C",
    "C",
    "D",
    "D",
    "D",
    "D",
    "D",
    "D",
    "D",
    "D",
    "D",
    "D",
    "D",
    "D",
    "D",
    "D",
    "D",
    "D",
    "D",
    "D",
    "D",
    "D",
    "D",
    "D",
    "D",
    "D",
    "D",
    "D",
    "D",
    "D",
    "D",
    "D",
    "D",
    "D",
    "D",
    "D",
    "D",
    "D",
    "D"
  ],
  "generation_config": {
    "grid_size": [
      7,
      7
    ],
    "min_layers": 3,
    "max_layers": 7,
    "tile_types": [
      "t0",
      "t2",
      "t4",
      "t5",
      "t6"
    ],
    "obstacle_types": [],
    "goals": [
      {
        "type": "craft",
        "direction": "s",
        "count": 3
      }
    ],
    "symmetry_mode": "both",
    "pattern_type": "aesthetic"
  }
}