{
  "id": "set_20260108_180344_433",
  "name": "SymmetryTest 6",
  "created_at": "2026-01-08T18:03:44.777713",
  "level_count": 50,
  "difficulty_profile": [
    0.45,
    0.4625,
    0.47500000000000003,
    0.4875,
    0.5,
    0.5125,
    0.525,
    0.5375,
    0.55,
    0.5625,
    0.575,
    0.5875,
    0.6,
    0.6125,
    0.625,
    0.6375,
    0.65,
    0.6625,
    0.675,
    0.6875,
    0.7,
    0.7125,
    0.725,
    0.7375,
    0.75,
    0.758,
    0.766,
    0.774,
    0.782,
    0.79,
    0.798,
    0.806,
    0.814,
    0.822,
    0.83,
    0.838,
    0.846,
    0.854,
    0.862,
    0.87,
    0.878,
    0.886,
    0.8939999999999999,
    0.9019999999999999,
    0.9099999999999999,
    0.9179999999999999,
    0.9259999999999999,
    0.9339999999999999,
    0.942,
    0.95
  ],
  "actual_difficulties": [
    0.456,
    0.42725,
    0.5007499999999999,
    0.5430833333333334,
    0.5430833333333334,
    0.5521666666666667,
    0.5585,
    0.5621666666666667,
    0.42274999999999996,
    0.42241666666666666,
    0.41225,
    0.41208333333333336,
    0.4034166666666667,
    0.6163333333333333,
    0.6257499999999999,
    0.6373333333333333,
    0.6509166666666667,
    0.6603333333333333,
    0.6663333333333334,
    0.6880833333333334,
    0.6575,
    0.6571666666666667,
    0.6524166666666666,
    0.6460000000000001,
    0.6405833333333334,
    0.6355833333333334,
    0.6354166666666666,
    0.6296666666666667,
    0.6289166666666667,
    0.6288333333333334,
    0.6275833333333334,
    0.8276666666666667,
    0.829,
    0.8401666666666666,
    0.8435000000000001,
    0.8464999999999999,
    0.847,
    0.8545833333333333,
    0.8638333333333332,
    0.8673333333333333,
    0.8774166666666667,
    0.8669166666666667,
    0.8599166666666668,
    0.9438333333333333,
    0.8581666666666666,
    0.8533333333333333,
    0.84925,
    0.84875,
    0.8476666666666667,
    0.8475
  ],
  "grades": [
    "B",
    "B",
    "B",
    "B",
    "B",
    "B",
    "B",
    "B",
    "B",
    "B",
    "B",
    "B",
    "B",
    "C",
    "C",
    "C",
    "C",
    "C",
    "C",
    "C",
    "C",
    "C",
    "C",
    "C",
    "C",
    "C",
    "C",
    "C",
    "C",
    "C",
    "C",
    "D",
    "D",
    "D",
    "D",
    "D",
    "D",
    "D",
    "D",
    "D",
    "D",
    "D",
    "D",
    "D",
    "D",
    "D",
    "D",
    "D",
    "D",
    "D"
  ],
  "generation_config": {
    "grid_size": [
      7,
      7
    ],
    "min_layers": 3,
    "max_layers": 7,
    "tile_types": [
      "t0",
      "t2",
      "t4",
      "t5",
      "t6"
    ],
    "obstacle_types": [],
    "goals": [
      {
        "type": "craft",
        "direction": "s",
        "count": 3
      }
    ],
    "symmetry_mode": "both",
    "pattern_type": "aesthetic"
  }
}