{
  "id": "set_20260108_183433_396",
  "name": "Symmetry Test 10",
  "created_at": "2026-01-08T18:34:33.694248",
  "level_count": 50,
  "difficulty_profile": [
    0.65,
    0.6625,
    0.675,
    0.6875,
    0.7,
    0.7125,
    0.725,
    0.7375,
    0.75,
    0.7625,
    0.775,
    0.7875,
    0.8,
    0.8125,
    0.825,
    0.8374999999999999,
    0.85,
    0.8625,
    0.875,
    0.8875,
    0.8999999999999999,
    0.9125,
    0.9249999999999999,
    0.9375,
    0.95,
    0.95,
    0.95,
    0.95,
    0.95,
    0.95,
    0.95,
    0.95,
    0.95,
    0.95,
    0.95,
    0.95,
    0.95,
    0.95,
    0.95,
    0.95,
    0.95,
    0.95,
    0.95,
    0.95,
    0.95,
    0.95,
    0.95,
    0.95,
    0.95,
    0.95
  ],
  "actual_difficulties": [
    0.6489166666666667,
    0.6601666666666667,
    0.6691666666666667,
    0.6925833333333334,
    0.65925,
    0.6584166666666667,
    0.6574166666666666,
    0.6540833333333333,
    0.6539166666666667,
    0.6451666666666667,
    0.64325,
    0.63975,
    0.624,
    0.8122500000000001,
    0.8254166666666667,
    0.8390833333333333,
    0.8501666666666666,
    0.8629166666666667,
    0.8724166666666667,
    0.8839999999999999,
    0.8943333333333334,
    0.8805833333333334,
    0.8802499999999999,
    0.8801666666666667,
    0.8678333333333335,
    0.86575,
    0.86575,
    0.8631666666666666,
    0.8575,
    0.8554999999999999,
    0.8541666666666667,
    0.8525,
    0.8513333333333334,
    0.8464166666666667,
    0.8431666666666666,
    0.8414166666666667,
    0.8345,
    0.8323333333333334,
    0.8301666666666666,
    0.8280833333333334,
    0.8258333333333333,
    0.8215833333333333,
    0.8214999999999999,
    0.8168333333333334,
    0.8153333333333334,
    0.8133333333333332,
    0.8110833333333334,
    0.8060833333333334,
    0.8029999999999999,
    0.8021666666666667
  ],
  "grades": [
    "C",
    "C",
    "C",
    "C",
    "C",
    "C",
    "C",
    "C",
    "C",
    "C",
    "C",
    "C",
    "C",
    "D",
    "D",
    "D",
    "D",
    "D",
    "D",
    "D",
    "D",
    "D",
    "D",
    "D",
    "D",
    "D",
    "D",
    "D",
    "D",
    "D",
    "D",
    "D",
    "D",
    "D",
    "D",
    "D",
    "D",
    "D",
    "D",
    "D",
    "D",
    "D",
    "D",
    "D",
    "D",
    "D",
    "D",
    "D",
    "D",
    "D"
  ],
  "generation_config": {
    "grid_size": [
      7,
      7
    ],
    "min_layers": 3,
    "max_layers": 7,
    "tile_types": [
      "t0",
      "t2",
      "t4",
      "t5",
      "t6"
    ],
    "obstacle_types": [],
    "goals": [
      {
        "type": "craft",
        "direction": "s",
        "count": 3
      }
    ],
    "symmetry_mode": "both",
    "pattern_type": "aesthetic"
  }
}