{
  "id": "set_20260108_181304_599",
  "name": "SymmetryTest 10",
  "created_at": "2026-01-08T18:13:04.956838",
  "level_count": 50,
  "difficulty_profile": [
    0.65,
    0.6625,
    0.675,
    0.6875,
    0.7,
    0.7125,
    0.725,
    0.7375,
    0.75,
    0.7625,
    0.775,
    0.7875,
    0.8,
    0.8125,
    0.825,
    0.8374999999999999,
    0.85,
    0.8625,
    0.875,
    0.8875,
    0.8999999999999999,
    0.9125,
    0.9249999999999999,
    0.9375,
    0.95,
    0.95,
    0.95,
    0.95,
    0.95,
    0.95,
    0.95,
    0.95,
    0.95,
    0.95,
    0.95,
    0.95,
    0.95,
    0.95,
    0.95,
    0.95,
    0.95,
    0.95,
    0.95,
    0.95,
    0.95,
    0.95,
    0.95,
    0.95,
    0.95,
    0.95
  ],
  "actual_difficulties": [
    0.6485833333333333,
    0.6575833333333334,
    0.6789999999999999,
    0.6929166666666667,
    0.6689166666666666,
    0.65475,
    0.652,
    0.6393333333333334,
    0.6385000000000001,
    0.6366666666666666,
    0.6349166666666667,
    0.6323333333333333,
    0.61275,
    0.8131666666666666,
    0.8246666666666667,
    0.83725,
    0.8504999999999999,
    0.86175,
    0.8746666666666666,
    0.8860833333333333,
    0.9014166666666666,
    0.9202499999999999,
    0.8905833333333334,
    0.8700833333333332,
    0.8677499999999999,
    0.8677499999999999,
    0.8578333333333334,
    0.8528333333333333,
    0.85175,
    0.8478333333333333,
    0.84625,
    0.84525,
    0.8425833333333334,
    0.8418333333333333,
    0.83875,
    0.8385833333333333,
    0.8371666666666667,
    0.8350833333333334,
    0.835,
    0.8349166666666666,
    0.8338333333333334,
    0.8291666666666667,
    0.8289166666666666,
    0.8286666666666666,
    0.8264166666666667,
    0.8231666666666666,
    0.8184166666666667,
    0.8164166666666667,
    0.81625,
    0.8047500000000001
  ],
  "grades": [
    "C",
    "C",
    "C",
    "C",
    "C",
    "C",
    "C",
    "C",
    "C",
    "C",
    "C",
    "C",
    "C",
    "D",
    "D",
    "D",
    "D",
    "D",
    "D",
    "D",
    "D",
    "D",
    "D",
    "D",
    "D",
    "D",
    "D",
    "D",
    "D",
    "D",
    "D",
    "D",
    "D",
    "D",
    "D",
    "D",
    "D",
    "D",
    "D",
    "D",
    "D",
    "D",
    "D",
    "D",
    "D",
    "D",
    "D",
    "D",
    "D",
    "D"
  ],
  "generation_config": {
    "grid_size": [
      7,
      7
    ],
    "min_layers": 3,
    "max_layers": 7,
    "tile_types": [
      "t0",
      "t2",
      "t4",
      "t5",
      "t6"
    ],
    "obstacle_types": [],
    "goals": [
      {
        "type": "craft",
        "direction": "s",
        "count": 3
      }
    ],
    "symmetry_mode": "both",
    "pattern_type": "aesthetic"
  }
}