{
  "id": "set_20260108_175225_941",
  "name": "DifficultyTest 1",
  "created_at": "2026-01-08T17:52:25.175669",
  "level_count": 50,
  "difficulty_profile": [
    0.2,
    0.21250000000000002,
    0.225,
    0.23750000000000002,
    0.25,
    0.2625,
    0.275,
    0.28750000000000003,
    0.3,
    0.3125,
    0.325,
    0.3375,
    0.35,
    0.3625,
    0.375,
    0.3875,
    0.4,
    0.4125,
    0.425,
    0.4375,
    0.45,
    0.4625,
    0.475,
    0.4875,
    0.5,
    0.512,
    0.524,
    0.536,
    0.548,
    0.56,
    0.5720000000000001,
    0.5840000000000001,
    0.596,
    0.608,
    0.62,
    0.632,
    0.644,
    0.656,
    0.668,
    0.68,
    0.6920000000000001,
    0.7040000000000001,
    0.716,
    0.728,
    0.74,
    0.752,
    0.764,
    0.776,
    0.788,
    0.8
  ],
  "actual_difficulties": [
    0.17974999999999997,
    0.21208333333333332,
    0.22683333333333333,
    0.2358333333333333,
    0.24933333333333332,
    0.26108333333333333,
    0.2754166666666667,
    0.28791666666666665,
    0.30066666666666664,
    0.3159166666666667,
    0.32541666666666663,
    0.33766666666666667,
    0.34891666666666665,
    0.3596666666666667,
    0.35541666666666666,
    0.3531666666666667,
    0.3441666666666666,
    0.3431666666666667,
    0.3394166666666667,
    0.33616666666666667,
    0.32366666666666666,
    0.3024166666666666,
    0.2851666666666667,
    0.2693333333333333,
    0.2653333333333333,
    0.2600833333333334,
    0.25883333333333336,
    0.2535833333333333,
    0.24883333333333335,
    0.24058333333333334,
    0.23508333333333337,
    0.2290833333333333,
    0.22733333333333333,
    0.21108333333333335,
    0.1735,
    0.1725,
    0.17,
    0.16925,
    0.16925,
    0.169,
    0.16875,
    0.1675,
    0.1675,
    0.16,
    0.159,
    0.157,
    0.15675,
    0.15225,
    0.14775,
    0.06691666666666667
  ],
  "grades": [
    "S",
    "A",
    "A",
    "A",
    "A",
    "A",
    "A",
    "A",
    "A",
    "A",
    "A",
    "A",
    "A",
    "A",
    "A",
    "A",
    "A",
    "A",
    "A",
    "A",
    "A",
    "A",
    "A",
    "A",
    "A",
    "A",
    "A",
    "A",
    "A",
    "A",
    "A",
    "A",
    "A",
    "A",
    "S",
    "S",
    "S",
    "S",
    "S",
    "S",
    "S",
    "S",
    "S",
    "S",
    "S",
    "S",
    "S",
    "S",
    "S",
    "S"
  ],
  "generation_config": {
    "grid_size": [
      7,
      7
    ],
    "min_layers": 3,
    "max_layers": 7,
    "tile_types": [
      "t0",
      "t2",
      "t4",
      "t5",
      "t6"
    ],
    "obstacle_types": [],
    "goals": [
      {
        "type": "craft",
        "direction": "s",
        "count": 3
      }
    ],
    "symmetry_mode": "both",
    "pattern_type": "aesthetic"
  }
}