{
  "id": "set_20260108_175235_130",
  "name": "DifficultyTest 6",
  "created_at": "2026-01-08T17:52:35.656586",
  "level_count": 50,
  "difficulty_profile": [
    0.45,
    0.4625,
    0.47500000000000003,
    0.4875,
    0.5,
    0.5125,
    0.525,
    0.5375,
    0.55,
    0.5625,
    0.575,
    0.5875,
    0.6,
    0.6125,
    0.625,
    0.6375,
    0.65,
    0.6625,
    0.675,
    0.6875,
    0.7,
    0.7125,
    0.725,
    0.7375,
    0.75,
    0.758,
    0.766,
    0.774,
    0.782,
    0.79,
    0.798,
    0.806,
    0.814,
    0.822,
    0.83,
    0.838,
    0.846,
    0.854,
    0.862,
    0.87,
    0.878,
    0.886,
    0.8939999999999999,
    0.9019999999999999,
    0.9099999999999999,
    0.9179999999999999,
    0.9259999999999999,
    0.9339999999999999,
    0.942,
    0.95
  ],
  "actual_difficulties": [
    0.4415,
    0.46475,
    0.47308333333333336,
    0.48816666666666664,
    0.48883333333333334,
    0.5343333333333333,
    0.5581666666666666,
    0.5645,
    0.4793333333333334,
    0.45916666666666667,
    0.4365,
    0.4311666666666667,
    0.42800000000000005,
    0.61475,
    0.6265,
    0.6373333333333333,
    0.6495833333333333,
    0.6635000000000001,
    0.6704166666666667,
    0.6958333333333333,
    0.6598333333333334,
    0.6529166666666667,
    0.6505,
    0.6495000000000001,
    0.6456666666666666,
    0.6440833333333333,
    0.6398333333333333,
    0.6350833333333333,
    0.628,
    0.62275,
    0.6164999999999999,
    0.8264999999999999,
    0.8297500000000001,
    0.8315833333333333,
    0.8336666666666666,
    0.83725,
    0.8454999999999999,
    0.85375,
    0.86175,
    0.8746666666666666,
    0.8865,
    0.8930833333333333,
    0.8603333333333335,
    0.8596666666666666,
    0.85925,
    0.853,
    0.8520833333333333,
    0.8495833333333332,
    0.8418333333333333,
    0.8352499999999999
  ],
  "grades": [
    "B",
    "B",
    "B",
    "B",
    "B",
    "B",
    "B",
    "B",
    "B",
    "B",
    "B",
    "B",
    "B",
    "C",
    "C",
    "C",
    "C",
    "C",
    "C",
    "C",
    "C",
    "C",
    "C",
    "C",
    "C",
    "C",
    "C",
    "C",
    "C",
    "C",
    "C",
    "D",
    "D",
    "D",
    "D",
    "D",
    "D",
    "D",
    "D",
    "D",
    "D",
    "D",
    "D",
    "D",
    "D",
    "D",
    "D",
    "D",
    "D",
    "D"
  ],
  "generation_config": {
    "grid_size": [
      7,
      7
    ],
    "min_layers": 3,
    "max_layers": 7,
    "tile_types": [
      "t0",
      "t2",
      "t4",
      "t5",
      "t6"
    ],
    "obstacle_types": [],
    "goals": [
      {
        "type": "craft",
        "direction": "s",
        "count": 3
      }
    ],
    "symmetry_mode": "both",
    "pattern_type": "aesthetic"
  }
}