{
  "id": "set_20260108_180334_849",
  "name": "SymmetryTest 1",
  "created_at": "2026-01-08T18:03:34.446227",
  "level_count": 50,
  "difficulty_profile": [
    0.2,
    0.21250000000000002,
    0.225,
    0.23750000000000002,
    0.25,
    0.2625,
    0.275,
    0.28750000000000003,
    0.3,
    0.3125,
    0.325,
    0.3375,
    0.35,
    0.3625,
    0.375,
    0.3875,
    0.4,
    0.4125,
    0.425,
    0.4375,
    0.45,
    0.4625,
    0.475,
    0.4875,
    0.5,
    0.512,
    0.524,
    0.536,
    0.548,
    0.56,
    0.5720000000000001,
    0.5840000000000001,
    0.596,
    0.608,
    0.62,
    0.632,
    0.644,
    0.656,
    0.668,
    0.68,
    0.6920000000000001,
    0.7040000000000001,
    0.716,
    0.728,
    0.74,
    0.752,
    0.764,
    0.776,
    0.788,
    0.8
  ],
  "actual_difficulties": [
    0.17974999999999997,
    0.21383333333333338,
    0.21908333333333332,
    0.23758333333333337,
    0.2503333333333333,
    0.2628333333333333,
    0.26733333333333337,
    0.2931666666666667,
    0.2999166666666666,
    0.30791666666666667,
    0.32716666666666666,
    0.33891666666666664,
    0.3519166666666667,
    0.35841666666666666,
    0.3734166666666667,
    0.37116666666666664,
    0.3434166666666667,
    0.3356666666666667,
    0.3299166666666667,
    0.32866666666666666,
    0.31816666666666665,
    0.3024166666666666,
    0.3021666666666667,
    0.2609166666666667,
    0.25708333333333333,
    0.2550833333333334,
    0.25483333333333336,
    0.24408333333333332,
    0.24408333333333332,
    0.24408333333333332,
    0.24158333333333332,
    0.24033333333333332,
    0.2358333333333333,
    0.20808333333333334,
    0.17974999999999997,
    0.17800000000000002,
    0.176,
    0.17425000000000002,
    0.17099999999999999,
    0.16925,
    0.1675,
    0.16675,
    0.16075,
    0.16,
    0.1585,
    0.158,
    0.15425,
    0.14875,
    0.14725,
    0.07316666666666666
  ],
  "grades": [
    "S",
    "A",
    "A",
    "A",
    "A",
    "A",
    "A",
    "A",
    "A",
    "A",
    "A",
    "A",
    "A",
    "A",
    "A",
    "A",
    "A",
    "A",
    "A",
    "A",
    "A",
    "A",
    "A",
    "A",
    "A",
    "A",
    "A",
    "A",
    "A",
    "A",
    "A",
    "A",
    "A",
    "A",
    "S",
    "S",
    "S",
    "S",
    "S",
    "S",
    "S",
    "S",
    "S",
    "S",
    "S",
    "S",
    "S",
    "S",
    "S",
    "S"
  ],
  "generation_config": {
    "grid_size": [
      7,
      7
    ],
    "min_layers": 3,
    "max_layers": 7,
    "tile_types": [
      "t0",
      "t2",
      "t4",
      "t5",
      "t6"
    ],
    "obstacle_types": [],
    "goals": [
      {
        "type": "craft",
        "direction": "s",
        "count": 3
      }
    ],
    "symmetry_mode": "both",
    "pattern_type": "aesthetic"
  }
}