{
  "id": "set_20260108_180345_251",
  "name": "SymmetryTest 10",
  "created_at": "2026-01-08T18:03:45.769597",
  "level_count": 50,
  "difficulty_profile": [
    0.65,
    0.6625,
    0.675,
    0.6875,
    0.7,
    0.7125,
    0.725,
    0.7375,
    0.75,
    0.7625,
    0.775,
    0.7875,
    0.8,
    0.8125,
    0.825,
    0.8374999999999999,
    0.85,
    0.8625,
    0.875,
    0.8875,
    0.8999999999999999,
    0.9125,
    0.9249999999999999,
    0.9375,
    0.95,
    0.95,
    0.95,
    0.95,
    0.95,
    0.95,
    0.95,
    0.95,
    0.95,
    0.95,
    0.95,
    0.95,
    0.95,
    0.95,
    0.95,
    0.95,
    0.95,
    0.95,
    0.95,
    0.95,
    0.95,
    0.95,
    0.95,
    0.95,
    0.95,
    0.95
  ],
  "actual_difficulties": [
    0.6533333333333333,
    0.6616666666666667,
    0.6688333333333334,
    0.6685000000000001,
    0.6644166666666667,
    0.6460833333333333,
    0.6443333333333334,
    0.64125,
    0.6411666666666666,
    0.639,
    0.6364166666666667,
    0.6335000000000001,
    0.62375,
    0.8113333333333334,
    0.8234166666666667,
    0.8371666666666667,
    0.8473333333333334,
    0.86625,
    0.8765833333333335,
    0.8852499999999999,
    0.9004166666666668,
    0.9066666666666667,
    0.8945000000000001,
    0.8843333333333334,
    0.8843333333333334,
    0.8808333333333332,
    0.87925,
    0.8733333333333333,
    0.8728333333333335,
    0.87125,
    0.8690833333333334,
    0.8688333333333332,
    0.8680833333333333,
    0.858,
    0.8555833333333334,
    0.847,
    0.8464166666666667,
    0.8445833333333332,
    0.8391666666666667,
    0.8336666666666666,
    0.8295833333333333,
    0.8214166666666667,
    0.8195833333333333,
    0.8180833333333334,
    0.8178333333333333,
    0.8154166666666667,
    0.811,
    0.8070833333333333,
    0.8057500000000001,
    0.8010833333333334
  ],
  "grades": [
    "C",
    "C",
    "C",
    "C",
    "C",
    "C",
    "C",
    "C",
    "C",
    "C",
    "C",
    "C",
    "C",
    "D",
    "D",
    "D",
    "D",
    "D",
    "D",
    "D",
    "D",
    "D",
    "D",
    "D",
    "D",
    "D",
    "D",
    "D",
    "D",
    "D",
    "D",
    "D",
    "D",
    "D",
    "D",
    "D",
    "D",
    "D",
    "D",
    "D",
    "D",
    "D",
    "D",
    "D",
    "D",
    "D",
    "D",
    "D",
    "D",
    "D"
  ],
  "generation_config": {
    "grid_size": [
      7,
      7
    ],
    "min_layers": 3,
    "max_layers": 7,
    "tile_types": [
      "t0",
      "t2",
      "t4",
      "t5",
      "t6"
    ],
    "obstacle_types": [],
    "goals": [
      {
        "type": "craft",
        "direction": "s",
        "count": 3
      }
    ],
    "symmetry_mode": "both",
    "pattern_type": "aesthetic"
  }
}